{"precision": 0.6653582149438971, "accuracy": 0.666025641025641, "recall": 0.666025641025641, "f1": 0.663647699624648, "err1": 0.001282051282051282, "err2": 0.0}